start_id,end_id
Q7251,Q145
Q16493,Q16
Q92741,Q30
Q249984,Q145
Q20895935,Q145
Q21693479,Q145
Q224372,Q145
Q298521,Q30
Q310798,Q145
Q450154,Q145
Q43075535,Q145
Q7251,Q145
Q16493,Q16
Q92741,Q30
Q249984,Q145
Q20895935,Q145
Q21693479,Q145
Q224372,Q145
Q298521,Q30
Q310798,Q145
Q450154,Q145
Q43075535,Q145
Q7251,Q145
Q16493,Q16
Q92741,Q30
Q249984,Q145
Q20895935,Q145
Q21693479,Q145
Q224372,Q145
Q298521,Q30
Q310798,Q145
Q450154,Q145
Q43075535,Q145
Q7251,Q145
Q21693479,Q145
Q16493,Q16
Q92741,Q30
Q249984,Q145
Q20895935,Q145
Q224372,Q145
Q298521,Q30
Q310798,Q145
Q450154,Q145
Q43075535,Q145
Q7251,Q145
Q16493,Q16
Q92741,Q30
Q249984,Q145
Q20895935,Q145
Q21693479,Q145
Q224372,Q145
Q298521,Q30
Q310798,Q145
Q450154,Q145
Q43075535,Q145
Q7251,Q145
Q16493,Q16
Q92741,Q30
Q249984,Q145
Q20895935,Q145
Q21693479,Q145
Q224372,Q145
Q298521,Q30
Q310798,Q145
Q450154,Q145
Q43075535,Q145
Q7251,Q145
Q16493,Q16
Q92741,Q30
Q249984,Q145
Q20895935,Q145
Q21693479,Q145
Q224372,Q145
Q298521,Q30
Q310798,Q145
Q450154,Q145
Q43075535,Q145
Q7251,Q145
Q21693479,Q145
Q16493,Q16
Q92741,Q30
Q249984,Q145
Q20895935,Q145
Q224372,Q145
Q298521,Q30
Q310798,Q145
Q450154,Q145
Q43075535,Q145
Q7251,Q145
Q16493,Q16
Q92741,Q30
Q249984,Q145
Q20895935,Q145
Q21693479,Q145
Q224372,Q145
Q298521,Q30
Q310798,Q145
Q450154,Q145
Q43075535,Q145
Q7251,Q145
Q16493,Q16
Q92741,Q30
Q249984,Q145
Q20895935,Q145
Q21693479,Q145
Q224372,Q145
Q298521,Q30
Q310798,Q145
Q450154,Q145
Q43075535,Q145
Q7251,Q145
Q16493,Q16
Q92741,Q30
Q249984,Q145
Q20895935,Q145
Q21693479,Q145
Q224372,Q145
Q298521,Q30
Q310798,Q145
Q450154,Q145
Q43075535,Q145
Q7251,Q145
Q16493,Q16
Q92741,Q30
Q249984,Q145
Q20895935,Q145
Q21693479,Q145
Q224372,Q145
Q298521,Q30
Q310798,Q145
Q450154,Q145
Q43075535,Q145
Q7251,Q145
Q21693479,Q145
Q16493,Q16
Q92741,Q30
Q249984,Q145
Q20895935,Q145
Q224372,Q145
Q298521,Q30
Q310798,Q145
Q450154,Q145
Q43075535,Q145
Q7251,Q145
Q21693479,Q145
Q16493,Q16
Q92741,Q30
Q249984,Q145
Q20895935,Q145
Q224372,Q145
Q298521,Q30
Q310798,Q145
Q450154,Q145
Q43075535,Q145
Q7251,Q145
Q21693479,Q145
Q16493,Q16
Q92741,Q30
Q249984,Q145
Q20895935,Q145
Q224372,Q145
Q298521,Q30
Q310798,Q145
Q450154,Q145
Q43075535,Q145
